{
    "accuracy": 0.6983691129971709,
    "precision": 0.28507462686567164,
    "recall": 0.0572370392568175,
    "f1_score": 0.0953331669578238
}