{
    "balanced_accuracy": 0.5010295321845659,
    "precision": 0.28507462686567164,
    "recall": 0.0572370392568175,
    "f1_score": 0.0953331669578238
}