{
    "balanced_accuracy": 0.5278366702973923,
    "precision": 0.31866788878704555,
    "recall": 0.3125561881929877,
    "f1_score": 0.3155824508320726
}